candidate_id,image_path,match,slot,timestamp_ms,status,notes
bf90c0ee33b64009,C:\Users\Alexander\OneDrive\Documents\ClashRoyale\katacr_lite_starter\data\card_slots\match_006\slot_3\frame_000550_t000275014ms.jpg,match_006,slot_3,275014,uncertain,
f1e01427e38186f4,C:\Users\Alexander\OneDrive\Documents\ClashRoyale\katacr_lite_starter\data\card_slots\match_006\slot_3\frame_000556_t000278009ms.jpg,match_006,slot_3,278009,uncertain,
20eeceaa74ed387d,C:\Users\Alexander\OneDrive\Documents\ClashRoyale\katacr_lite_starter\data\card_slots\match_006\slot_3\frame_000549_t000274500ms.jpg,match_006,slot_3,274500,uncertain,
adeb714685e5c19b,C:\Users\Alexander\OneDrive\Documents\ClashRoyale\katacr_lite_starter\data\card_slots\match_006\slot_3\frame_000558_t000279002ms.jpg,match_006,slot_3,279002,uncertain,
d0a5043f62783c07,C:\Users\Alexander\OneDrive\Documents\ClashRoyale\katacr_lite_starter\data\card_slots\match_006\slot_3\frame_000557_t000278505ms.jpg,match_006,slot_3,278505,uncertain,
ad8261efaab7c2bc,C:\Users\Alexander\OneDrive\Documents\ClashRoyale\katacr_lite_starter\data\card_slots\match_004\slot_3\frame_000358_t000179015ms.jpg,match_004,slot_3,179015,uncertain,
ad633c743ab0d335,C:\Users\Alexander\OneDrive\Documents\ClashRoyale\katacr_lite_starter\data\card_slots\match_004\slot_3\frame_000360_t000180002ms.jpg,match_004,slot_3,180002,uncertain,
bf57f7800daab687,C:\Users\Alexander\OneDrive\Documents\ClashRoyale\katacr_lite_starter\data\card_slots\match_004\slot_3\frame_000363_t000181507ms.jpg,match_004,slot_3,181507,uncertain,
3fc440bdc4263f97,C:\Users\Alexander\OneDrive\Documents\ClashRoyale\katacr_lite_starter\data\card_slots\match_004\slot_3\frame_000361_t000180504ms.jpg,match_004,slot_3,180504,uncertain,
7219ab97e67e7d77,C:\Users\Alexander\OneDrive\Documents\ClashRoyale\katacr_lite_starter\data\card_slots\match_004\slot_3\frame_000359_t000179517ms.jpg,match_004,slot_3,179517,uncertain,
ed7f1d3996ba7598,C:\Users\Alexander\OneDrive\Documents\ClashRoyale\katacr_lite_starter\data\card_slots\match_004\slot_3\frame_000362_t000181006ms.jpg,match_004,slot_3,181006,uncertain,
9d34099f0288d461,C:\Users\Alexander\OneDrive\Documents\ClashRoyale\katacr_lite_starter\data\card_slots\match_006\slot_3\frame_000548_t000274004ms.jpg,match_006,slot_3,274004,uncertain,
47445980805945b8,C:\Users\Alexander\OneDrive\Documents\ClashRoyale\katacr_lite_starter\data\card_slots\match_006\slot_1\frame_000252_t000126005ms.jpg,match_006,slot_1,126005,uncertain,
c9a542392e5d8abd,C:\Users\Alexander\OneDrive\Documents\ClashRoyale\katacr_lite_starter\data\card_slots\match_006\slot_1\frame_000256_t000128008ms.jpg,match_006,slot_1,128008,uncertain,
a82a966d6c2a9f77,C:\Users\Alexander\OneDrive\Documents\ClashRoyale\katacr_lite_starter\data\card_slots\match_006\slot_1\frame_000251_t000125509ms.jpg,match_006,slot_1,125509,uncertain,
c5a068db1ebcb950,C:\Users\Alexander\OneDrive\Documents\ClashRoyale\katacr_lite_starter\data\card_slots\match_006\slot_1\frame_000255_t000127511ms.jpg,match_006,slot_1,127511,uncertain,
421c689c3ca39b57,C:\Users\Alexander\OneDrive\Documents\ClashRoyale\katacr_lite_starter\data\card_slots\match_006\slot_1\frame_000253_t000126502ms.jpg,match_006,slot_1,126502,uncertain,
ff2b723cc214acf4,C:\Users\Alexander\OneDrive\Documents\ClashRoyale\katacr_lite_starter\data\card_slots\match_006\slot_1\frame_000261_t000130507ms.jpg,match_006,slot_1,130507,uncertain,
8fe50c092fc7fba8,C:\Users\Alexander\OneDrive\Documents\ClashRoyale\katacr_lite_starter\data\card_slots\match_006\slot_1\frame_000259_t000129514ms.jpg,match_006,slot_1,129514,uncertain,
ad70f555914c3523,C:\Users\Alexander\OneDrive\Documents\ClashRoyale\katacr_lite_starter\data\card_slots\match_006\slot_1\frame_000258_t000129000ms.jpg,match_006,slot_1,129000,uncertain,
f96d65b092d59493,C:\Users\Alexander\OneDrive\Documents\ClashRoyale\katacr_lite_starter\data\card_slots\match_006\slot_1\frame_000260_t000130010ms.jpg,match_006,slot_1,130010,uncertain,
40d5405a5ff22467,C:\Users\Alexander\OneDrive\Documents\ClashRoyale\katacr_lite_starter\data\card_slots\match_006\slot_1\frame_000250_t000125013ms.jpg,match_006,slot_1,125013,uncertain,
ba6cd4b46d9f3f98,C:\Users\Alexander\OneDrive\Documents\ClashRoyale\katacr_lite_starter\data\card_slots\match_006\slot_1\frame_000257_t000128504ms.jpg,match_006,slot_1,128504,uncertain,
8ccc84642d7a810a,C:\Users\Alexander\OneDrive\Documents\ClashRoyale\katacr_lite_starter\data\card_slots\match_006\slot_1\frame_000254_t000127015ms.jpg,match_006,slot_1,127015,uncertain,
230570f6aae68c3f,C:\Users\Alexander\OneDrive\Documents\ClashRoyale\katacr_lite_starter\data\card_slots\match_005\slot_4\frame_000079_t000039514ms.jpg,match_005,slot_4,39514,uncertain,
1737f75fe5fc3707,C:\Users\Alexander\OneDrive\Documents\ClashRoyale\katacr_lite_starter\data\card_slots\match_005\slot_4\frame_000085_t000042505ms.jpg,match_005,slot_4,42505,uncertain,
25198573951f7cd3,C:\Users\Alexander\OneDrive\Documents\ClashRoyale\katacr_lite_starter\data\card_slots\match_005\slot_4\frame_000086_t000043007ms.jpg,match_005,slot_4,43007,uncertain,
05d6a0ebe02351fa,C:\Users\Alexander\OneDrive\Documents\ClashRoyale\katacr_lite_starter\data\card_slots\match_005\slot_4\frame_000080_t000040015ms.jpg,match_005,slot_4,40015,uncertain,
aa4bb86992f8c064,C:\Users\Alexander\OneDrive\Documents\ClashRoyale\katacr_lite_starter\data\card_slots\match_005\slot_4\frame_000078_t000039012ms.jpg,match_005,slot_4,39012,uncertain,
2f966a6be0c8a0eb,C:\Users\Alexander\OneDrive\Documents\ClashRoyale\katacr_lite_starter\data\card_slots\match_005\slot_4\frame_000081_t000040517ms.jpg,match_005,slot_4,40517,uncertain,
0baa15ccf125570b,C:\Users\Alexander\OneDrive\Documents\ClashRoyale\katacr_lite_starter\data\card_slots\match_005\slot_4\frame_000083_t000041502ms.jpg,match_005,slot_4,41502,uncertain,
fda3a75bfbc62e1a,C:\Users\Alexander\OneDrive\Documents\ClashRoyale\katacr_lite_starter\data\card_slots\match_005\slot_4\frame_000084_t000042004ms.jpg,match_005,slot_4,42004,uncertain,
dedd856c9e916f46,C:\Users\Alexander\OneDrive\Documents\ClashRoyale\katacr_lite_starter\data\card_slots\match_005\slot_4\frame_000082_t000041001ms.jpg,match_005,slot_4,41001,uncertain,
5526c867fc9b7f1a,C:\Users\Alexander\OneDrive\Documents\ClashRoyale\katacr_lite_starter\data\card_slots\match_005\slot_4\frame_000077_t000038511ms.jpg,match_005,slot_4,38511,uncertain,
3ca68db7a459a064,C:\Users\Alexander\OneDrive\Documents\ClashRoyale\katacr_lite_starter\data\card_slots\match_005\slot_4\frame_000076_t000038009ms.jpg,match_005,slot_4,38009,uncertain,
fe3e0b7b823fb799,C:\Users\Alexander\OneDrive\Documents\ClashRoyale\katacr_lite_starter\data\card_slots\match_006\slot_2\frame_000614_t000307003ms.jpg,match_006,slot_2,307003,uncertain,
efafe36aa36bef0b,C:\Users\Alexander\OneDrive\Documents\ClashRoyale\katacr_lite_starter\data\card_slots\match_004\slot_3\frame_000356_t000178012ms.jpg,match_004,slot_3,178012,uncertain,
6dcec13bf052a8f2,C:\Users\Alexander\OneDrive\Documents\ClashRoyale\katacr_lite_starter\data\card_slots\match_006\slot_3\frame_000542_t000271009ms.jpg,match_006,slot_3,271009,uncertain,
f19eed8b27dbef62,C:\Users\Alexander\OneDrive\Documents\ClashRoyale\katacr_lite_starter\data\card_slots\match_002\slot_2\frame_000006_t000003010ms.jpg,match_002,slot_2,3010,uncertain,
cc67246410996a83,C:\Users\Alexander\OneDrive\Documents\ClashRoyale\katacr_lite_starter\data\card_slots\match_006\slot_3\frame_000553_t000276503ms.jpg,match_006,slot_3,276503,uncertain,
29a8507a6d21d791,C:\Users\Alexander\OneDrive\Documents\ClashRoyale\katacr_lite_starter\data\card_slots\match_006\slot_3\frame_000551_t000275510ms.jpg,match_006,slot_3,275510,uncertain,
2bf577da74a750d6,C:\Users\Alexander\OneDrive\Documents\ClashRoyale\katacr_lite_starter\data\card_slots\match_006\slot_3\frame_000547_t000273508ms.jpg,match_006,slot_3,273508,uncertain,
c20158827f5543c6,C:\Users\Alexander\OneDrive\Documents\ClashRoyale\katacr_lite_starter\data\card_slots\match_004\slot_3\frame_000357_t000178513ms.jpg,match_004,slot_3,178513,uncertain,
a646d1849e35a3d4,C:\Users\Alexander\OneDrive\Documents\ClashRoyale\katacr_lite_starter\data\card_slots\match_006\slot_1\frame_000249_t000124516ms.jpg,match_006,slot_1,124516,uncertain,
49d093958add3422,C:\Users\Alexander\OneDrive\Documents\ClashRoyale\katacr_lite_starter\data\card_slots\match_006\slot_3\frame_000555_t000277513ms.jpg,match_006,slot_3,277513,uncertain,
507f61d44d57b5aa,C:\Users\Alexander\OneDrive\Documents\ClashRoyale\katacr_lite_starter\data\card_slots\match_005\slot_4\frame_000074_t000037006ms.jpg,match_005,slot_4,37006,uncertain,
fa3903ba98504e71,C:\Users\Alexander\OneDrive\Documents\ClashRoyale\katacr_lite_starter\data\card_slots\match_004\slot_3\frame_000364_t000182009ms.jpg,match_004,slot_3,182009,uncertain,
9df47a056e401247,C:\Users\Alexander\OneDrive\Documents\ClashRoyale\katacr_lite_starter\data\card_slots\match_005\slot_4\frame_000095_t000047503ms.jpg,match_005,slot_4,47503,uncertain,
f42ecdcd8ad6760e,C:\Users\Alexander\OneDrive\Documents\ClashRoyale\katacr_lite_starter\data\card_slots\match_004\slot_2\frame_000167_t000083502ms.jpg,match_004,slot_2,83502,uncertain,
6693eb1a3b671475,C:\Users\Alexander\OneDrive\Documents\ClashRoyale\katacr_lite_starter\data\card_slots\match_006\slot_3\frame_000552_t000276007ms.jpg,match_006,slot_3,276007,uncertain,
7a78b3c70a009118,C:\Users\Alexander\OneDrive\Documents\ClashRoyale\katacr_lite_starter\data\card_slots\match_003\slot_3\frame_000276_t000138007ms.jpg,match_003,slot_3,138007,uncertain,
0ea5976aac3ba780,C:\Users\Alexander\OneDrive\Documents\ClashRoyale\katacr_lite_starter\data\card_slots\match_006\slot_3\frame_000554_t000277016ms.jpg,match_006,slot_3,277016,uncertain,
a5c7727547053eec,C:\Users\Alexander\OneDrive\Documents\ClashRoyale\katacr_lite_starter\data\card_slots\match_005\slot_4\frame_000075_t000037508ms.jpg,match_005,slot_4,37508,uncertain,
9499ba7e60b1ab0a,C:\Users\Alexander\OneDrive\Documents\ClashRoyale\katacr_lite_starter\data\card_slots\match_005\slot_4\frame_000087_t000043508ms.jpg,match_005,slot_4,43508,uncertain,
b7f98b8451df5c94,C:\Users\Alexander\OneDrive\Documents\ClashRoyale\katacr_lite_starter\data\card_slots\match_004\slot_2\frame_000106_t000053009ms.jpg,match_004,slot_2,53009,uncertain,
9575c4bcd34769e5,C:\Users\Alexander\OneDrive\Documents\ClashRoyale\katacr_lite_starter\data\card_slots\match_003\slot_4\frame_000057_t000028503ms.jpg,match_003,slot_4,28503,uncertain,
cc3f6a0587335306,C:\Users\Alexander\OneDrive\Documents\ClashRoyale\katacr_lite_starter\data\card_slots\match_006\slot_2\frame_000613_t000306507ms.jpg,match_006,slot_2,306507,uncertain,
c924fd0264709cc6,C:\Users\Alexander\OneDrive\Documents\ClashRoyale\katacr_lite_starter\data\card_slots\match_002\slot_2\frame_000117_t000058509ms.jpg,match_002,slot_2,58509,uncertain,
a51ab0ad7f8beebb,C:\Users\Alexander\OneDrive\Documents\ClashRoyale\katacr_lite_starter\data\card_slots\match_004\slot_2\frame_000117_t000058512ms.jpg,match_004,slot_2,58512,uncertain,
d3fc60cb9275aa92,C:\Users\Alexander\OneDrive\Documents\ClashRoyale\katacr_lite_starter\data\card_slots\match_006\slot_1\frame_000177_t000088505ms.jpg,match_006,slot_1,88505,uncertain,
7c9bf69bcccf89a8,C:\Users\Alexander\OneDrive\Documents\ClashRoyale\katacr_lite_starter\data\card_slots\match_004\slot_2\frame_000105_t000052507ms.jpg,match_004,slot_2,52507,uncertain,
5d54b7ad46112cd3,C:\Users\Alexander\OneDrive\Documents\ClashRoyale\katacr_lite_starter\data\card_slots\match_002\slot_2\frame_000118_t000059005ms.jpg,match_002,slot_2,59005,uncertain,
5a572ca2638ab130,C:\Users\Alexander\OneDrive\Documents\ClashRoyale\katacr_lite_starter\data\card_slots\match_004\slot_2\frame_000116_t000058010ms.jpg,match_004,slot_2,58010,uncertain,
55f256f8f4d0f826,C:\Users\Alexander\OneDrive\Documents\ClashRoyale\katacr_lite_starter\data\card_slots\match_002\slot_2\frame_000116_t000058013ms.jpg,match_002,slot_2,58013,uncertain,
a4bbecf39bd84004,C:\Users\Alexander\OneDrive\Documents\ClashRoyale\katacr_lite_starter\data\card_slots\match_004\slot_2\frame_000118_t000059014ms.jpg,match_004,slot_2,59014,uncertain,
f7a11f5d94d7116d,C:\Users\Alexander\OneDrive\Documents\ClashRoyale\katacr_lite_starter\data\card_slots\match_003\slot_4\frame_000056_t000028006ms.jpg,match_003,slot_4,28006,uncertain,
c925b50b783a61eb,C:\Users\Alexander\OneDrive\Documents\ClashRoyale\katacr_lite_starter\data\card_slots\match_004\slot_2\frame_000107_t000053511ms.jpg,match_004,slot_2,53511,uncertain,
ce136e769944312e,C:\Users\Alexander\OneDrive\Documents\ClashRoyale\katacr_lite_starter\data\card_slots\match_006\slot_1\frame_000176_t000088009ms.jpg,match_006,slot_1,88009,uncertain,
9ed94c228b9f3a81,C:\Users\Alexander\OneDrive\Documents\ClashRoyale\katacr_lite_starter\data\card_slots\match_006\slot_1\frame_000178_t000089001ms.jpg,match_006,slot_1,89001,uncertain,
09acb4720867bea1,C:\Users\Alexander\OneDrive\Documents\ClashRoyale\katacr_lite_starter\data\card_slots\match_004\slot_2\frame_000114_t000057007ms.jpg,match_004,slot_2,57007,uncertain,
0eabadfa3e0634cc,C:\Users\Alexander\OneDrive\Documents\ClashRoyale\katacr_lite_starter\data\card_slots\match_004\slot_2\frame_000115_t000057509ms.jpg,match_004,slot_2,57509,uncertain,
2095565446121e5b,C:\Users\Alexander\OneDrive\Documents\ClashRoyale\katacr_lite_starter\data\card_slots\match_004\slot_2\frame_000119_t000059516ms.jpg,match_004,slot_2,59516,uncertain,
703d54f96f18aa84,C:\Users\Alexander\OneDrive\Documents\ClashRoyale\katacr_lite_starter\data\card_slots\match_004\slot_2\frame_000104_t000052005ms.jpg,match_004,slot_2,52005,uncertain,
16007432032ddff0,C:\Users\Alexander\OneDrive\Documents\ClashRoyale\katacr_lite_starter\data\card_slots\match_002\slot_2\frame_000114_t000057004ms.jpg,match_002,slot_2,57004,uncertain,
f5936bfed74f994c,C:\Users\Alexander\OneDrive\Documents\ClashRoyale\katacr_lite_starter\data\card_slots\match_002\slot_2\frame_000115_t000057500ms.jpg,match_002,slot_2,57500,uncertain,
e611625fa2d092c4,C:\Users\Alexander\OneDrive\Documents\ClashRoyale\katacr_lite_starter\data\card_slots\match_003\slot_4\frame_000058_t000029017ms.jpg,match_003,slot_4,29017,uncertain,
be5b6efef9b3d050,C:\Users\Alexander\OneDrive\Documents\ClashRoyale\katacr_lite_starter\data\card_slots\match_002\slot_2\frame_000119_t000059501ms.jpg,match_002,slot_2,59501,uncertain,
f2ae32880145dd3d,C:\Users\Alexander\OneDrive\Documents\ClashRoyale\katacr_lite_starter\data\card_slots\match_006\slot_3\frame_000454_t000227004ms.jpg,match_006,slot_3,227004,uncertain,
ccf0565e995817ce,C:\Users\Alexander\OneDrive\Documents\ClashRoyale\katacr_lite_starter\data\card_slots\match_006\slot_1\frame_000175_t000087512ms.jpg,match_006,slot_1,87512,uncertain,
0d29f184bb6e5d9d,C:\Users\Alexander\OneDrive\Documents\ClashRoyale\katacr_lite_starter\data\card_slots\match_006\slot_3\frame_000426_t000213004ms.jpg,match_006,slot_3,213004,uncertain,
a09fa30a3ad02752,C:\Users\Alexander\OneDrive\Documents\ClashRoyale\katacr_lite_starter\data\card_slots\match_004\slot_2\frame_000103_t000051503ms.jpg,match_004,slot_2,51503,uncertain,
c21c9bdc56119a0d,C:\Users\Alexander\OneDrive\Documents\ClashRoyale\katacr_lite_starter\data\card_slots\match_004\slot_2\frame_000102_t000051001ms.jpg,match_004,slot_2,51001,uncertain,
74ff8864bed6161a,C:\Users\Alexander\OneDrive\Documents\ClashRoyale\katacr_lite_starter\data\card_slots\match_004\slot_2\frame_000108_t000054013ms.jpg,match_004,slot_2,54013,uncertain,
4cf35997bd14b15c,C:\Users\Alexander\OneDrive\Documents\ClashRoyale\katacr_lite_starter\data\card_slots\match_003\slot_3\frame_000283_t000141503ms.jpg,match_003,slot_3,141503,uncertain,
beea4eac006cae9b,C:\Users\Alexander\OneDrive\Documents\ClashRoyale\katacr_lite_starter\data\card_slots\match_004\slot_3\frame_000342_t000171003ms.jpg,match_004,slot_3,171003,uncertain,
aa15cea529b2444c,C:\Users\Alexander\OneDrive\Documents\ClashRoyale\katacr_lite_starter\data\card_slots\match_006\slot_3\frame_000420_t000210009ms.jpg,match_006,slot_3,210009,uncertain,
b7698ef73635cd8c,C:\Users\Alexander\OneDrive\Documents\ClashRoyale\katacr_lite_starter\data\card_slots\match_004\slot_2\frame_000120_t000060001ms.jpg,match_004,slot_2,60001,uncertain,
696247b404983f18,C:\Users\Alexander\OneDrive\Documents\ClashRoyale\katacr_lite_starter\data\card_slots\match_004\slot_3\frame_000326_t000163007ms.jpg,match_004,slot_3,163007,uncertain,
fb0b313117816737,C:\Users\Alexander\OneDrive\Documents\ClashRoyale\katacr_lite_starter\data\card_slots\match_004\slot_3\frame_000325_t000162505ms.jpg,match_004,slot_3,162505,uncertain,
00ee07b35744ec64,C:\Users\Alexander\OneDrive\Documents\ClashRoyale\katacr_lite_starter\data\card_slots\match_006\slot_1\frame_000179_t000089515ms.jpg,match_006,slot_1,89515,uncertain,
7be683ea1204c5b3,C:\Users\Alexander\OneDrive\Documents\ClashRoyale\katacr_lite_starter\data\card_slots\match_002\slot_2\frame_000120_t000060014ms.jpg,match_002,slot_2,60014,uncertain,
4870d802012f7faa,C:\Users\Alexander\OneDrive\Documents\ClashRoyale\katacr_lite_starter\data\card_slots\match_003\slot_4\frame_000059_t000029514ms.jpg,match_003,slot_4,29514,uncertain,
f89a559fbc6d6c8e,C:\Users\Alexander\OneDrive\Documents\ClashRoyale\katacr_lite_starter\data\card_slots\match_002\slot_2\frame_000113_t000056508ms.jpg,match_002,slot_2,56508,uncertain,
77ba6c36865f191c,C:\Users\Alexander\OneDrive\Documents\ClashRoyale\katacr_lite_starter\data\card_slots\match_006\slot_3\frame_000395_t000197514ms.jpg,match_006,slot_3,197514,uncertain,
e04bcf3eca3c1b10,C:\Users\Alexander\OneDrive\Documents\ClashRoyale\katacr_lite_starter\data\card_slots\match_006\slot_1\frame_000174_t000087016ms.jpg,match_006,slot_1,87016,uncertain,
d80cfbf0e8278582,C:\Users\Alexander\OneDrive\Documents\ClashRoyale\katacr_lite_starter\data\card_slots\match_002\slot_2\frame_000112_t000056012ms.jpg,match_002,slot_2,56012,uncertain,
b7942ebabc39ae82,C:\Users\Alexander\OneDrive\Documents\ClashRoyale\katacr_lite_starter\data\card_slots\match_004\slot_3\frame_000343_t000171504ms.jpg,match_004,slot_3,171504,uncertain,
0baa96ecd17d002a,C:\Users\Alexander\OneDrive\Documents\ClashRoyale\katacr_lite_starter\data\card_slots\match_006\slot_1\frame_000173_t000086502ms.jpg,match_006,slot_1,86502,uncertain,
c4e1ace476367965,C:\Users\Alexander\OneDrive\Documents\ClashRoyale\katacr_lite_starter\data\card_slots\match_004\slot_2\frame_000109_t000054515ms.jpg,match_004,slot_2,54515,uncertain,
431df9e9ca94739e,C:\Users\Alexander\OneDrive\Documents\ClashRoyale\katacr_lite_starter\data\card_slots\match_006\slot_3\frame_000424_t000212011ms.jpg,match_006,slot_3,212011,uncertain,
f00e56b33a189f3b,C:\Users\Alexander\OneDrive\Documents\ClashRoyale\katacr_lite_starter\data\card_slots\match_004\slot_2\frame_000101_t000050517ms.jpg,match_004,slot_2,50517,uncertain,
75b33f11180767fd,C:\Users\Alexander\OneDrive\Documents\ClashRoyale\katacr_lite_starter\data\card_slots\match_006\slot_1\frame_000180_t000090011ms.jpg,match_006,slot_1,90011,uncertain,
bf771a2ff881c4af,C:\Users\Alexander\OneDrive\Documents\ClashRoyale\katacr_lite_starter\data\card_slots\match_006\slot_3\frame_000480_t000240012ms.jpg,match_006,slot_3,240012,uncertain,
2fdbd9b3410b1bb4,C:\Users\Alexander\OneDrive\Documents\ClashRoyale\katacr_lite_starter\data\card_slots\match_006\slot_3\frame_000421_t000210505ms.jpg,match_006,slot_3,210505,uncertain,
44025819e88c8bf7,C:\Users\Alexander\OneDrive\Documents\ClashRoyale\katacr_lite_starter\data\card_slots\match_003\slot_4\frame_000060_t000030011ms.jpg,match_003,slot_4,30011,uncertain,
d054ba4e8cb0e76c,C:\Users\Alexander\OneDrive\Documents\ClashRoyale\katacr_lite_starter\data\card_slots\match_006\slot_3\frame_000425_t000212508ms.jpg,match_006,slot_3,212508,uncertain,
e5d5b2ebb6fe2cc5,C:\Users\Alexander\OneDrive\Documents\ClashRoyale\katacr_lite_starter\data\card_slots\match_003\slot_3\frame_000284_t000142000ms.jpg,match_003,slot_3,142000,uncertain,
21938a1331d75bd2,C:\Users\Alexander\OneDrive\Documents\ClashRoyale\katacr_lite_starter\data\card_slots\match_006\slot_3\frame_000481_t000240509ms.jpg,match_006,slot_3,240509,uncertain,
579f3769a9d5e6b9,C:\Users\Alexander\OneDrive\Documents\ClashRoyale\katacr_lite_starter\data\card_slots\match_006\slot_1\frame_000209_t000104508ms.jpg,match_006,slot_1,104508,uncertain,
874c9c2da9c3219c,C:\Users\Alexander\OneDrive\Documents\ClashRoyale\katacr_lite_starter\data\card_slots\match_003\slot_3\frame_000291_t000145514ms.jpg,match_003,slot_3,145514,uncertain,
89b92e25d923cf0e,C:\Users\Alexander\OneDrive\Documents\ClashRoyale\katacr_lite_starter\data\card_slots\match_004\slot_2\frame_000127_t000063514ms.jpg,match_004,slot_2,63514,uncertain,
b1bb0e4adbf41089,C:\Users\Alexander\OneDrive\Documents\ClashRoyale\katacr_lite_starter\data\card_slots\match_006\slot_1\frame_000203_t000101513ms.jpg,match_006,slot_1,101513,uncertain,
17df254f06853c4d,C:\Users\Alexander\OneDrive\Documents\ClashRoyale\katacr_lite_starter\data\card_slots\match_006\slot_1\frame_000208_t000104012ms.jpg,match_006,slot_1,104012,uncertain,
0d32028c32a6f3ea,C:\Users\Alexander\OneDrive\Documents\ClashRoyale\katacr_lite_starter\data\card_slots\match_006\slot_2\frame_000572_t000286002ms.jpg,match_006,slot_2,286002,uncertain,
23e4e0ef3ab6b1a2,C:\Users\Alexander\OneDrive\Documents\ClashRoyale\katacr_lite_starter\data\card_slots\match_006\slot_1\frame_000206_t000103002ms.jpg,match_006,slot_1,103002,uncertain,
57d837e2d64ffe67,C:\Users\Alexander\OneDrive\Documents\ClashRoyale\katacr_lite_starter\data\card_slots\match_006\slot_1\frame_000200_t000100007ms.jpg,match_006,slot_1,100007,uncertain,
bf598118479b6ad1,C:\Users\Alexander\OneDrive\Documents\ClashRoyale\katacr_lite_starter\data\card_slots\match_006\slot_1\frame_000201_t000100503ms.jpg,match_006,slot_1,100503,uncertain,
3383a99e66ac3c42,C:\Users\Alexander\OneDrive\Documents\ClashRoyale\katacr_lite_starter\data\card_slots\match_006\slot_1\frame_000202_t000101016ms.jpg,match_006,slot_1,101016,uncertain,
263e325dfcc6f2b7,C:\Users\Alexander\OneDrive\Documents\ClashRoyale\katacr_lite_starter\data\card_slots\match_006\slot_1\frame_000212_t000106014ms.jpg,match_006,slot_1,106014,uncertain,
b610d31e5e240155,C:\Users\Alexander\OneDrive\Documents\ClashRoyale\katacr_lite_starter\data\card_slots\match_006\slot_1\frame_000207_t000103515ms.jpg,match_006,slot_1,103515,uncertain,
9bc0e6f889941966,C:\Users\Alexander\OneDrive\Documents\ClashRoyale\katacr_lite_starter\data\card_slots\match_006\slot_1\frame_000193_t000096515ms.jpg,match_006,slot_1,96515,uncertain,
de50a361a2652fcb,C:\Users\Alexander\OneDrive\Documents\ClashRoyale\katacr_lite_starter\data\card_slots\match_006\slot_1\frame_000210_t000105004ms.jpg,match_006,slot_1,105004,uncertain,
5441f2492aef47ce,C:\Users\Alexander\OneDrive\Documents\ClashRoyale\katacr_lite_starter\data\card_slots\match_006\slot_1\frame_000216_t000108017ms.jpg,match_006,slot_1,108017,uncertain,
479ba36c202d53bf,C:\Users\Alexander\OneDrive\Documents\ClashRoyale\katacr_lite_starter\data\card_slots\match_006\slot_1\frame_000230_t000115017ms.jpg,match_006,slot_1,115017,uncertain,
e542ef5b5034e603,C:\Users\Alexander\OneDrive\Documents\ClashRoyale\katacr_lite_starter\data\card_slots\match_006\slot_1\frame_000240_t000120015ms.jpg,match_006,slot_1,120015,uncertain,
a97a545aa2c5837b,C:\Users\Alexander\OneDrive\Documents\ClashRoyale\katacr_lite_starter\data\card_slots\match_006\slot_1\frame_000188_t000094016ms.jpg,match_006,slot_1,94016,uncertain,
8d60b01b034ea940,C:\Users\Alexander\OneDrive\Documents\ClashRoyale\katacr_lite_starter\data\card_slots\match_006\slot_1\frame_000189_t000094512ms.jpg,match_006,slot_1,94512,uncertain,
319bd98782fa4b0b,C:\Users\Alexander\OneDrive\Documents\ClashRoyale\katacr_lite_starter\data\card_slots\match_006\slot_1\frame_000190_t000095009ms.jpg,match_006,slot_1,95009,uncertain,
0b12493a1269a68a,C:\Users\Alexander\OneDrive\Documents\ClashRoyale\katacr_lite_starter\data\card_slots\match_006\slot_1\frame_000191_t000095505ms.jpg,match_006,slot_1,95505,uncertain,
3f2383ea3696c48b,C:\Users\Alexander\OneDrive\Documents\ClashRoyale\katacr_lite_starter\data\card_slots\match_006\slot_1\frame_000192_t000096002ms.jpg,match_006,slot_1,96002,uncertain,
4842f54c3ad2507d,C:\Users\Alexander\OneDrive\Documents\ClashRoyale\katacr_lite_starter\data\card_slots\match_006\slot_1\frame_000196_t000098004ms.jpg,match_006,slot_1,98004,uncertain,
7b86724fad823742,C:\Users\Alexander\OneDrive\Documents\ClashRoyale\katacr_lite_starter\data\card_slots\match_006\slot_1\frame_000198_t000099014ms.jpg,match_006,slot_1,99014,uncertain,
0f5ac33596d64593,C:\Users\Alexander\OneDrive\Documents\ClashRoyale\katacr_lite_starter\data\card_slots\match_006\slot_1\frame_000214_t000107007ms.jpg,match_006,slot_1,107007,uncertain,
6063d52e466c2bf4,C:\Users\Alexander\OneDrive\Documents\ClashRoyale\katacr_lite_starter\data\card_slots\match_006\slot_1\frame_000221_t000110516ms.jpg,match_006,slot_1,110516,uncertain,
0abf6c03ec753b9a,C:\Users\Alexander\OneDrive\Documents\ClashRoyale\katacr_lite_starter\data\card_slots\match_006\slot_1\frame_000225_t000112501ms.jpg,match_006,slot_1,112501,uncertain,
08702a591c0a8478,C:\Users\Alexander\OneDrive\Documents\ClashRoyale\katacr_lite_starter\data\card_slots\match_006\slot_1\frame_000213_t000106511ms.jpg,match_006,slot_1,106511,uncertain,
225cd4a4ea124e71,C:\Users\Alexander\OneDrive\Documents\ClashRoyale\katacr_lite_starter\data\card_slots\match_006\slot_1\frame_000222_t000111012ms.jpg,match_006,slot_1,111012,uncertain,
4fc1b4e682a658ed,C:\Users\Alexander\OneDrive\Documents\ClashRoyale\katacr_lite_starter\data\card_slots\match_006\slot_1\frame_000223_t000111508ms.jpg,match_006,slot_1,111508,uncertain,
a4e7d83d3bc864d3,C:\Users\Alexander\OneDrive\Documents\ClashRoyale\katacr_lite_starter\data\card_slots\match_006\slot_1\frame_000239_t000119501ms.jpg,match_006,slot_1,119501,uncertain,
33d3c39c4ed4c841,C:\Users\Alexander\OneDrive\Documents\ClashRoyale\katacr_lite_starter\data\card_slots\match_006\slot_1\frame_000219_t000109506ms.jpg,match_006,slot_1,109506,uncertain,
2bdecbecfd2e114f,C:\Users\Alexander\OneDrive\Documents\ClashRoyale\katacr_lite_starter\data\card_slots\match_006\slot_1\frame_000220_t000110002ms.jpg,match_006,slot_1,110002,uncertain,
0726e5b3d0353a76,C:\Users\Alexander\OneDrive\Documents\ClashRoyale\katacr_lite_starter\data\card_slots\match_003\slot_3\frame_000289_t000144503ms.jpg,match_003,slot_3,144503,uncertain,
33190190a37f7c0a,C:\Users\Alexander\OneDrive\Documents\ClashRoyale\katacr_lite_starter\data\card_slots\match_006\slot_1\frame_000211_t000105501ms.jpg,match_006,slot_1,105501,uncertain,
d16c5097186e5e01,C:\Users\Alexander\OneDrive\Documents\ClashRoyale\katacr_lite_starter\data\card_slots\match_006\slot_1\frame_000224_t000112005ms.jpg,match_006,slot_1,112005,uncertain,
745bfa5ae9b29b0c,C:\Users\Alexander\OneDrive\Documents\ClashRoyale\katacr_lite_starter\data\card_slots\match_006\slot_1\frame_000194_t000097011ms.jpg,match_006,slot_1,97011,uncertain,
f2013f13380c3c04,C:\Users\Alexander\OneDrive\Documents\ClashRoyale\katacr_lite_starter\data\card_slots\match_006\slot_1\frame_000205_t000102505ms.jpg,match_006,slot_1,102505,uncertain,
7b4b9b3ebd84a906,C:\Users\Alexander\OneDrive\Documents\ClashRoyale\katacr_lite_starter\data\card_slots\match_006\slot_1\frame_000226_t000113014ms.jpg,match_006,slot_1,113014,uncertain,
c8ce5c7e9fc8459d,C:\Users\Alexander\OneDrive\Documents\ClashRoyale\katacr_lite_starter\data\card_slots\match_006\slot_1\frame_000187_t000093503ms.jpg,match_006,slot_1,93503,uncertain,
297c55a47282d81f,C:\Users\Alexander\OneDrive\Documents\ClashRoyale\katacr_lite_starter\data\card_slots\match_006\slot_1\frame_000195_t000097508ms.jpg,match_006,slot_1,97508,uncertain,
407b1c928a91f365,C:\Users\Alexander\OneDrive\Documents\ClashRoyale\katacr_lite_starter\data\card_slots\match_006\slot_1\frame_000197_t000098500ms.jpg,match_006,slot_1,98500,uncertain,
223255fc16e74406,C:\Users\Alexander\OneDrive\Documents\ClashRoyale\katacr_lite_starter\data\card_slots\match_006\slot_1\frame_000215_t000107503ms.jpg,match_006,slot_1,107503,uncertain,
e2761a4d9d93b7dc,C:\Users\Alexander\OneDrive\Documents\ClashRoyale\katacr_lite_starter\data\card_slots\match_006\slot_1\frame_000227_t000113511ms.jpg,match_006,slot_1,113511,uncertain,
c4653e74357334f7,C:\Users\Alexander\OneDrive\Documents\ClashRoyale\katacr_lite_starter\data\card_slots\match_006\slot_1\frame_000228_t000114007ms.jpg,match_006,slot_1,114007,uncertain,
6fbbebe865da216f,C:\Users\Alexander\OneDrive\Documents\ClashRoyale\katacr_lite_starter\data\card_slots\match_006\slot_1\frame_000229_t000114504ms.jpg,match_006,slot_1,114504,uncertain,
49aa34500bed0237,C:\Users\Alexander\OneDrive\Documents\ClashRoyale\katacr_lite_starter\data\card_slots\match_006\slot_1\frame_000199_t000099510ms.jpg,match_006,slot_1,99510,uncertain,
740cfc1bd1b15c44,C:\Users\Alexander\OneDrive\Documents\ClashRoyale\katacr_lite_starter\data\card_slots\match_003\slot_3\frame_000288_t000144005ms.jpg,match_003,slot_3,144005,uncertain,
9a2b777a4a688d6b,C:\Users\Alexander\OneDrive\Documents\ClashRoyale\katacr_lite_starter\data\card_slots\match_006\slot_1\frame_000204_t000102009ms.jpg,match_006,slot_1,102009,uncertain,
76db5bff1c6b537a,C:\Users\Alexander\OneDrive\Documents\ClashRoyale\katacr_lite_starter\data\card_slots\match_006\slot_1\frame_000217_t000108513ms.jpg,match_006,slot_1,108513,uncertain,
a60514d9e96728a6,C:\Users\Alexander\OneDrive\Documents\ClashRoyale\katacr_lite_starter\data\card_slots\match_006\slot_1\frame_000218_t000109009ms.jpg,match_006,slot_1,109009,uncertain,
82558a08d0930206,C:\Users\Alexander\OneDrive\Documents\ClashRoyale\katacr_lite_starter\data\card_slots\match_003\slot_3\frame_000290_t000145017ms.jpg,match_003,slot_3,145017,uncertain,
9bcb4ab64a30868b,C:\Users\Alexander\OneDrive\Documents\ClashRoyale\katacr_lite_starter\data\card_slots\match_004\slot_2\frame_000130_t000065002ms.jpg,match_004,slot_2,65002,uncertain,
0d11c0ae60a700e3,C:\Users\Alexander\OneDrive\Documents\ClashRoyale\katacr_lite_starter\data\card_slots\match_004\slot_2\frame_000094_t000047004ms.jpg,match_004,slot_2,47004,uncertain,
856eba28e1217723,C:\Users\Alexander\OneDrive\Documents\ClashRoyale\katacr_lite_starter\data\card_slots\match_004\slot_2\frame_000096_t000048007ms.jpg,match_004,slot_2,48007,uncertain,
92a709ed26c920ab,C:\Users\Alexander\OneDrive\Documents\ClashRoyale\katacr_lite_starter\data\card_slots\match_004\slot_2\frame_000129_t000064500ms.jpg,match_004,slot_2,64500,uncertain,
86f4968bdef85a1b,C:\Users\Alexander\OneDrive\Documents\ClashRoyale\katacr_lite_starter\data\card_slots\match_004\slot_2\frame_000146_t000073015ms.jpg,match_004,slot_2,73015,uncertain,
0e8207402d848fd4,C:\Users\Alexander\OneDrive\Documents\ClashRoyale\katacr_lite_starter\data\card_slots\match_004\slot_2\frame_000147_t000073517ms.jpg,match_004,slot_2,73517,uncertain,
cff582f92a2cec50,C:\Users\Alexander\OneDrive\Documents\ClashRoyale\katacr_lite_starter\data\card_slots\match_004\slot_2\frame_000093_t000046502ms.jpg,match_004,slot_2,46502,uncertain,
49de0048cd95a338,C:\Users\Alexander\OneDrive\Documents\ClashRoyale\katacr_lite_starter\data\card_slots\match_004\slot_2\frame_000097_t000048509ms.jpg,match_004,slot_2,48509,uncertain,
3a55a2a4429da790,C:\Users\Alexander\OneDrive\Documents\ClashRoyale\katacr_lite_starter\data\card_slots\match_004\slot_2\frame_000134_t000067010ms.jpg,match_004,slot_2,67010,uncertain,
265d71cb446a01a6,C:\Users\Alexander\OneDrive\Documents\ClashRoyale\katacr_lite_starter\data\card_slots\match_004\slot_2\frame_000141_t000070505ms.jpg,match_004,slot_2,70505,uncertain,
ea22965285a102fc,C:\Users\Alexander\OneDrive\Documents\ClashRoyale\katacr_lite_starter\data\card_slots\match_004\slot_2\frame_000144_t000072011ms.jpg,match_004,slot_2,72011,uncertain,
8dab4c4ecaede25b,C:\Users\Alexander\OneDrive\Documents\ClashRoyale\katacr_lite_starter\data\card_slots\match_004\slot_2\frame_000159_t000079505ms.jpg,match_004,slot_2,79505,uncertain,
8027cb7f6974864e,C:\Users\Alexander\OneDrive\Documents\ClashRoyale\katacr_lite_starter\data\card_slots\match_004\slot_2\frame_000161_t000080508ms.jpg,match_004,slot_2,80508,uncertain,
1c656dc0a815b21e,C:\Users\Alexander\OneDrive\Documents\ClashRoyale\katacr_lite_starter\data\card_slots\match_006\slot_2\frame_000571_t000285506ms.jpg,match_006,slot_2,285506,uncertain,
390ad2e06e2cda11,C:\Users\Alexander\OneDrive\Documents\ClashRoyale\katacr_lite_starter\data\card_slots\match_004\slot_2\frame_000128_t000064016ms.jpg,match_004,slot_2,64016,uncertain,
d044c39f86dadcbe,C:\Users\Alexander\OneDrive\Documents\ClashRoyale\katacr_lite_starter\data\card_slots\match_004\slot_2\frame_000131_t000065504ms.jpg,match_004,slot_2,65504,uncertain,
9a227945a5b4b1b9,C:\Users\Alexander\OneDrive\Documents\ClashRoyale\katacr_lite_starter\data\card_slots\match_004\slot_2\frame_000133_t000066508ms.jpg,match_004,slot_2,66508,uncertain,
172d0ec8a8ae8698,C:\Users\Alexander\OneDrive\Documents\ClashRoyale\katacr_lite_starter\data\card_slots\match_004\slot_2\frame_000139_t000069502ms.jpg,match_004,slot_2,69502,uncertain,
55607e3d3ca0f48c,C:\Users\Alexander\OneDrive\Documents\ClashRoyale\katacr_lite_starter\data\card_slots\match_004\slot_2\frame_000140_t000070004ms.jpg,match_004,slot_2,70004,uncertain,
f699b12f66d3a194,C:\Users\Alexander\OneDrive\Documents\ClashRoyale\katacr_lite_starter\data\card_slots\match_004\slot_2\frame_000142_t000071007ms.jpg,match_004,slot_2,71007,uncertain,
2a7a6a96b102022d,C:\Users\Alexander\OneDrive\Documents\ClashRoyale\katacr_lite_starter\data\card_slots\match_004\slot_2\frame_000143_t000071509ms.jpg,match_004,slot_2,71509,uncertain,
aeea42630de1d35d,C:\Users\Alexander\OneDrive\Documents\ClashRoyale\katacr_lite_starter\data\card_slots\match_004\slot_2\frame_000148_t000074001ms.jpg,match_004,slot_2,74001,uncertain,
a7f94e8c7ff6ca8f,C:\Users\Alexander\OneDrive\Documents\ClashRoyale\katacr_lite_starter\data\card_slots\match_004\slot_2\frame_000156_t000078016ms.jpg,match_004,slot_2,78016,uncertain,
b3ea29b0a9a07463,C:\Users\Alexander\OneDrive\Documents\ClashRoyale\katacr_lite_starter\data\card_slots\match_004\slot_2\frame_000091_t000045515ms.jpg,match_004,slot_2,45515,uncertain,
d0575121b9561bd6,C:\Users\Alexander\OneDrive\Documents\ClashRoyale\katacr_lite_starter\data\card_slots\match_004\slot_2\frame_000095_t000047506ms.jpg,match_004,slot_2,47506,uncertain,
a4e0b74d3a72802d,C:\Users\Alexander\OneDrive\Documents\ClashRoyale\katacr_lite_starter\data\card_slots\match_004\slot_2\frame_000098_t000049011ms.jpg,match_004,slot_2,49011,uncertain,
57e2647c99ca530e,C:\Users\Alexander\OneDrive\Documents\ClashRoyale\katacr_lite_starter\data\card_slots\match_004\slot_2\frame_000132_t000066006ms.jpg,match_004,slot_2,66006,uncertain,
13de5cc70769c393,C:\Users\Alexander\OneDrive\Documents\ClashRoyale\katacr_lite_starter\data\card_slots\match_004\slot_2\frame_000138_t000069017ms.jpg,match_004,slot_2,69017,uncertain,
62c1d251aae98797,C:\Users\Alexander\OneDrive\Documents\ClashRoyale\katacr_lite_starter\data\card_slots\match_004\slot_2\frame_000149_t000074503ms.jpg,match_004,slot_2,74503,uncertain,
38e750f809d058ca,C:\Users\Alexander\OneDrive\Documents\ClashRoyale\katacr_lite_starter\data\card_slots\match_004\slot_2\frame_000150_t000075005ms.jpg,match_004,slot_2,75005,uncertain,
549cfec8c129a121,C:\Users\Alexander\OneDrive\Documents\ClashRoyale\katacr_lite_starter\data\card_slots\match_004\slot_2\frame_000151_t000075507ms.jpg,match_004,slot_2,75507,uncertain,
62a49d465a870ca3,C:\Users\Alexander\OneDrive\Documents\ClashRoyale\katacr_lite_starter\data\card_slots\match_004\slot_2\frame_000152_t000076009ms.jpg,match_004,slot_2,76009,uncertain,
38c61c00732beff1,C:\Users\Alexander\OneDrive\Documents\ClashRoyale\katacr_lite_starter\data\card_slots\match_004\slot_2\frame_000153_t000076511ms.jpg,match_004,slot_2,76511,uncertain,
4066a0064885cfdd,C:\Users\Alexander\OneDrive\Documents\ClashRoyale\katacr_lite_starter\data\card_slots\match_004\slot_2\frame_000155_t000077514ms.jpg,match_004,slot_2,77514,uncertain,
6cd8720e412e72ef,C:\Users\Alexander\OneDrive\Documents\ClashRoyale\katacr_lite_starter\data\card_slots\match_004\slot_2\frame_000158_t000079003ms.jpg,match_004,slot_2,79003,uncertain,
61ccd2e772611ab8,C:\Users\Alexander\OneDrive\Documents\ClashRoyale\katacr_lite_starter\data\card_slots\match_004\slot_2\frame_000160_t000080007ms.jpg,match_004,slot_2,80007,uncertain,
f7ce18256121bc9c,C:\Users\Alexander\OneDrive\Documents\ClashRoyale\katacr_lite_starter\data\card_slots\match_006\slot_2\frame_000569_t000284513ms.jpg,match_006,slot_2,284513,uncertain,
2e7e6943d3352978,C:\Users\Alexander\OneDrive\Documents\ClashRoyale\katacr_lite_starter\data\card_slots\match_004\slot_2\frame_000090_t000045013ms.jpg,match_004,slot_2,45013,uncertain,
59092f1eaf25b5aa,C:\Users\Alexander\OneDrive\Documents\ClashRoyale\katacr_lite_starter\data\card_slots\match_004\slot_2\frame_000135_t000067511ms.jpg,match_004,slot_2,67511,uncertain,
48b4d5151f31a924,C:\Users\Alexander\OneDrive\Documents\ClashRoyale\katacr_lite_starter\data\card_slots\match_004\slot_2\frame_000136_t000068013ms.jpg,match_004,slot_2,68013,uncertain,
ef006861626e8a98,C:\Users\Alexander\OneDrive\Documents\ClashRoyale\katacr_lite_starter\data\card_slots\match_004\slot_2\frame_000137_t000068515ms.jpg,match_004,slot_2,68515,uncertain,
5f6c105aa22f0498,C:\Users\Alexander\OneDrive\Documents\ClashRoyale\katacr_lite_starter\data\card_slots\match_004\slot_2\frame_000145_t000072513ms.jpg,match_004,slot_2,72513,uncertain,
dd2c06f7a0b81d3d,C:\Users\Alexander\OneDrive\Documents\ClashRoyale\katacr_lite_starter\data\card_slots\match_004\slot_2\frame_000154_t000077013ms.jpg,match_004,slot_2,77013,uncertain,
4c9a37ea4770cfcc,C:\Users\Alexander\OneDrive\Documents\ClashRoyale\katacr_lite_starter\data\card_slots\match_004\slot_2\frame_000157_t000078501ms.jpg,match_004,slot_2,78501,uncertain,
ff4cb94dce5ed1f6,C:\Users\Alexander\OneDrive\Documents\ClashRoyale\katacr_lite_starter\data\card_slots\match_006\slot_2\frame_000567_t000283503ms.jpg,match_006,slot_2,283503,uncertain,
dea0a0f05784fc8e,C:\Users\Alexander\OneDrive\Documents\ClashRoyale\katacr_lite_starter\data\card_slots\match_006\slot_2\frame_000568_t000284017ms.jpg,match_006,slot_2,284017,uncertain,
613606fec4951ad9,C:\Users\Alexander\OneDrive\Documents\ClashRoyale\katacr_lite_starter\data\card_slots\match_006\slot_2\frame_000570_t000285009ms.jpg,match_006,slot_2,285009,uncertain,
d053a477889179ee,C:\Users\Alexander\OneDrive\Documents\ClashRoyale\katacr_lite_starter\data\card_slots\match_006\slot_1\frame_000231_t000115513ms.jpg,match_006,slot_1,115513,uncertain,
058e629da39a7d5c,C:\Users\Alexander\OneDrive\Documents\ClashRoyale\katacr_lite_starter\data\card_slots\match_003\slot_3\frame_000278_t000139001ms.jpg,match_003,slot_3,139001,uncertain,
3d55be6274ad98a0,C:\Users\Alexander\OneDrive\Documents\ClashRoyale\katacr_lite_starter\data\card_slots\match_006\slot_1\frame_000238_t000119005ms.jpg,match_006,slot_1,119005,uncertain,
0850d04e1e7e200e,C:\Users\Alexander\OneDrive\Documents\ClashRoyale\katacr_lite_starter\data\card_slots\match_006\slot_2\frame_000573_t000286516ms.jpg,match_006,slot_2,286516,uncertain,
2195c12084936fa9,C:\Users\Alexander\OneDrive\Documents\ClashRoyale\katacr_lite_starter\data\card_slots\match_006\slot_2\frame_000565_t000282510ms.jpg,match_006,slot_2,282510,uncertain,
0956d77b6d8fe93c,C:\Users\Alexander\OneDrive\Documents\ClashRoyale\katacr_lite_starter\data\card_slots\match_003\slot_3\frame_000279_t000139515ms.jpg,match_003,slot_3,139515,uncertain,
2b046b8627b13db4,C:\Users\Alexander\OneDrive\Documents\ClashRoyale\katacr_lite_starter\data\card_slots\match_004\slot_2\frame_000099_t000049513ms.jpg,match_004,slot_2,49513,uncertain,
4bd63648416176c2,C:\Users\Alexander\OneDrive\Documents\ClashRoyale\katacr_lite_starter\data\card_slots\match_003\slot_3\frame_000277_t000138504ms.jpg,match_003,slot_3,138504,uncertain,
81fe52fc080af866,C:\Users\Alexander\OneDrive\Documents\ClashRoyale\katacr_lite_starter\data\card_slots\match_006\slot_2\frame_000578_t000289014ms.jpg,match_006,slot_2,289014,uncertain,
04750b9ef86bec47,C:\Users\Alexander\OneDrive\Documents\ClashRoyale\katacr_lite_starter\data\card_slots\match_006\slot_1\frame_000237_t000118509ms.jpg,match_006,slot_1,118509,uncertain,
ed59eebba06bd0b7,C:\Users\Alexander\OneDrive\Documents\ClashRoyale\katacr_lite_starter\data\card_slots\match_006\slot_1\frame_000241_t000120511ms.jpg,match_006,slot_1,120511,uncertain,
23a384e570aa194e,C:\Users\Alexander\OneDrive\Documents\ClashRoyale\katacr_lite_starter\data\card_slots\match_005\slot_4\frame_000096_t000048004ms.jpg,match_005,slot_4,48004,uncertain,
a16a7bb2fabc56f2,C:\Users\Alexander\OneDrive\Documents\ClashRoyale\katacr_lite_starter\data\card_slots\match_006\slot_2\frame_000577_t000288501ms.jpg,match_006,slot_2,288501,uncertain,
e19b399901d3d33a,C:\Users\Alexander\OneDrive\Documents\ClashRoyale\katacr_lite_starter\data\card_slots\match_006\slot_2\frame_000586_t000293002ms.jpg,match_006,slot_2,293002,uncertain,
a33c82ec07a7b642,C:\Users\Alexander\OneDrive\Documents\ClashRoyale\katacr_lite_starter\data\card_slots\match_006\slot_2\frame_000599_t000299506ms.jpg,match_006,slot_2,299506,uncertain,
ef0638e221fb6c03,C:\Users\Alexander\OneDrive\Documents\ClashRoyale\katacr_lite_starter\data\card_slots\match_004\slot_2\frame_000162_t000081010ms.jpg,match_004,slot_2,81010,uncertain,
23b44d4506232df7,C:\Users\Alexander\OneDrive\Documents\ClashRoyale\katacr_lite_starter\data\card_slots\match_006\slot_2\frame_000590_t000295005ms.jpg,match_006,slot_2,295005,uncertain,
769296c7a70fe34a,C:\Users\Alexander\OneDrive\Documents\ClashRoyale\katacr_lite_starter\data\card_slots\match_006\slot_2\frame_000591_t000295501ms.jpg,match_006,slot_2,295501,uncertain,
c338912e20af2950,C:\Users\Alexander\OneDrive\Documents\ClashRoyale\katacr_lite_starter\data\card_slots\match_006\slot_2\frame_000595_t000297504ms.jpg,match_006,slot_2,297504,uncertain,
6a0e0fbb2e1c5aff,C:\Users\Alexander\OneDrive\Documents\ClashRoyale\katacr_lite_starter\data\card_slots\match_006\slot_2\frame_000608_t000304008ms.jpg,match_006,slot_2,304008,uncertain,
